"file","caption","category","png_time","StartTime"
"bio1_sizeatage.png","Length at age in the beginning of the year (or season) in the ending year of the model. Shaded area indicates 95% distribution of length at age around estimated growth curve.","Bio",2020-09-28 18:49:05,"StartTime: Fri Sep 11 11:23:00 2020"
"bio2_sizeatage_plus_CV_and_SD.png","Length at age (top-left panel) with CV (thick line) and SD (thin line) of length at age shown in top-right and lower-left panels","Bio",2020-09-28 18:49:05,"StartTime: Fri Sep 11 11:23:00 2020"
"bio3_sizeatage_plus_WT_and_MAT.png","Length at age (top-left panel) with weight (thick line) and maturity (thin line) shown in top-right and lower-left panels","Bio",2020-09-28 18:49:05,"StartTime: Fri Sep 11 11:23:00 2020"
"bio1B_len_at_age_matrix_1.png","Distribution of length at age for seas: 1 sub_seas: 1 morph: 1","Bio",2020-09-28 18:49:05,"StartTime: Fri Sep 11 11:23:00 2020"
"bio1B_len_at_age_matrix_2.png","Distribution of length at age for seas: 1 sub_seas: 1 morph: 2","Bio",2020-09-28 18:49:05,"StartTime: Fri Sep 11 11:23:00 2020"
"bio1B_len_at_age_matrix_3.png","Distribution of length at age for seas: 1 sub_seas: 2 morph: 1","Bio",2020-09-28 18:49:05,"StartTime: Fri Sep 11 11:23:00 2020"
"bio1B_len_at_age_matrix_4.png","Distribution of length at age for seas: 1 sub_seas: 2 morph: 2","Bio",2020-09-28 18:49:05,"StartTime: Fri Sep 11 11:23:00 2020"
"bio1B_len_at_age_matrix_5.png","Distribution of length at age for seas: 2 sub_seas: 1 morph: 1","Bio",2020-09-28 18:49:05,"StartTime: Fri Sep 11 11:23:00 2020"
"bio1B_len_at_age_matrix_6.png","Distribution of length at age for seas: 2 sub_seas: 1 morph: 2","Bio",2020-09-28 18:49:05,"StartTime: Fri Sep 11 11:23:00 2020"
"bio1B_len_at_age_matrix_7.png","Distribution of length at age for seas: 2 sub_seas: 2 morph: 1","Bio",2020-09-28 18:49:05,"StartTime: Fri Sep 11 11:23:00 2020"
"bio1B_len_at_age_matrix_8.png","Distribution of length at age for seas: 2 sub_seas: 2 morph: 2","Bio",2020-09-28 18:49:05,"StartTime: Fri Sep 11 11:23:00 2020"
"bio1B_len_at_age_matrix_9.png","Distribution of length at age for seas: 3 sub_seas: 1 morph: 1","Bio",2020-09-28 18:49:05,"StartTime: Fri Sep 11 11:23:00 2020"
"bio1B_len_at_age_matrix_10.png","Distribution of length at age for seas: 3 sub_seas: 1 morph: 2","Bio",2020-09-28 18:49:05,"StartTime: Fri Sep 11 11:23:00 2020"
"bio1B_len_at_age_matrix_11.png","Distribution of length at age for seas: 3 sub_seas: 2 morph: 1","Bio",2020-09-28 18:49:05,"StartTime: Fri Sep 11 11:23:00 2020"
"bio1B_len_at_age_matrix_12.png","Distribution of length at age for seas: 3 sub_seas: 2 morph: 2","Bio",2020-09-28 18:49:05,"StartTime: Fri Sep 11 11:23:00 2020"
"bio1B_len_at_age_matrix_13.png","Distribution of length at age for seas: 4 sub_seas: 1 morph: 1","Bio",2020-09-28 18:49:05,"StartTime: Fri Sep 11 11:23:00 2020"
"bio1B_len_at_age_matrix_14.png","Distribution of length at age for seas: 4 sub_seas: 1 morph: 2","Bio",2020-09-28 18:49:05,"StartTime: Fri Sep 11 11:23:00 2020"
"bio1B_len_at_age_matrix_15.png","Distribution of length at age for seas: 4 sub_seas: 2 morph: 1","Bio",2020-09-28 18:49:05,"StartTime: Fri Sep 11 11:23:00 2020"
"bio1B_len_at_age_matrix_16.png","Distribution of length at age for seas: 4 sub_seas: 2 morph: 2","Bio",2020-09-28 18:49:05,"StartTime: Fri Sep 11 11:23:00 2020"
"bio5_weightatsize.png","Weight-length relationship","Bio",2020-09-28 18:49:05,"StartTime: Fri Sep 11 11:23:00 2020"
"bio6_maturity.png","Maturity at length","Bio",2020-09-28 18:49:05,"StartTime: Fri Sep 11 11:23:00 2020"
"bio7_fecundity.png","Fecundity","Bio",2020-09-28 18:49:05,"StartTime: Fri Sep 11 11:23:00 2020"
"bio8_fecundity_wt.png","Fecundity as a function of weight","Bio",2020-09-28 18:49:05,"StartTime: Fri Sep 11 11:23:00 2020"
"bio9_fecundity_len.png","Fecundity as a function of length","Bio",2020-09-28 18:49:05,"StartTime: Fri Sep 11 11:23:00 2020"
"bio10_spawningoutput_len.png","Spawning output at length. This is the product of maturity and fecundity unless maturity is age-based, in which case only fecundity is represented.","Bio",2020-09-28 18:49:05,"StartTime: Fri Sep 11 11:23:00 2020"
"bio11_spawningoutput_age.png","Spawning output at age. This is the product of maturity and fecundity. When these processes are length-based they are converted into the age dimension using the matrix of length at age.","Bio",2020-09-28 18:49:05,"StartTime: Fri Sep 11 11:23:00 2020"
"bio22_timevarygrowthsurf_sex1.png","Perspective plot of time-varying growth","Bio",2020-09-28 18:49:05,"StartTime: Fri Sep 11 11:23:00 2020"
"bio23_timevarygrowthcontour_sex1.png","Contour plot of time-varying growth","Bio",2020-09-28 18:49:05,"StartTime: Fri Sep 11 11:23:00 2020"
"bio22_timevarygrowthsurf_sex2.png","Perspective plot of time-varying growth","Bio",2020-09-28 18:49:05,"StartTime: Fri Sep 11 11:23:00 2020"
"bio23_timevarygrowthcontour_sex2.png","Contour plot of time-varying growth","Bio",2020-09-28 18:49:05,"StartTime: Fri Sep 11 11:23:00 2020"
"sel01_multiple_fleets_length1.png","Selectivity at length for multiple fleets.","Sel",2020-09-28 18:49:05,"StartTime: Fri Sep 11 11:23:00 2020"
"sel02_multiple_fleets_age1.png","Selectivity at age for multiple fleets.","Sel",2020-09-28 18:49:05,"StartTime: Fri Sep 11 11:23:00 2020"
"sel02_multiple_fleets_age2.png","Selectivity at age derived from selectivity at length for multiple fleets.","Sel",2020-09-28 18:49:05,"StartTime: Fri Sep 11 11:23:00 2020"
"sel09_len_flt1sex1.png","Female ending year selectivity for F1_LL1","Sel",2020-09-28 18:49:05,"StartTime: Fri Sep 11 11:23:00 2020"
"sel09_len_flt1sex2.png","Male ending year selectivity for F1_LL1","Sel",2020-09-28 18:49:05,"StartTime: Fri Sep 11 11:23:00 2020"
"sel09_len_flt2sex1.png","Female ending year selectivity for F2_LL2","Sel",2020-09-28 18:49:05,"StartTime: Fri Sep 11 11:23:00 2020"
"sel09_len_flt2sex2.png","Male ending year selectivity for F2_LL2","Sel",2020-09-28 18:49:05,"StartTime: Fri Sep 11 11:23:00 2020"
"sel09_len_flt3sex1.png","Female ending year selectivity for F3_LL3","Sel",2020-09-28 18:49:05,"StartTime: Fri Sep 11 11:23:00 2020"
"sel09_len_flt3sex2.png","Male ending year selectivity for F3_LL3","Sel",2020-09-28 18:49:05,"StartTime: Fri Sep 11 11:23:00 2020"
"sel09_len_flt4sex1.png","Female ending year selectivity for F4_LL4","Sel",2020-09-28 18:49:05,"StartTime: Fri Sep 11 11:23:00 2020"
"sel09_len_flt4sex2.png","Male ending year selectivity for F4_LL4","Sel",2020-09-28 18:49:05,"StartTime: Fri Sep 11 11:23:00 2020"
"sel09_len_flt5sex1.png","Female ending year selectivity for F5_DN3","Sel",2020-09-28 18:49:05,"StartTime: Fri Sep 11 11:23:00 2020"
"sel09_len_flt5sex2.png","Male ending year selectivity for F5_DN3","Sel",2020-09-28 18:49:05,"StartTime: Fri Sep 11 11:23:00 2020"
"sel09_len_flt6sex1.png","Female ending year selectivity for F6_DN4","Sel",2020-09-28 18:49:05,"StartTime: Fri Sep 11 11:23:00 2020"
"sel09_len_flt6sex2.png","Male ending year selectivity for F6_DN4","Sel",2020-09-28 18:49:05,"StartTime: Fri Sep 11 11:23:00 2020"
"sel09_len_flt7sex1.png","Female ending year selectivity for F7_PS1","Sel",2020-09-28 18:49:05,"StartTime: Fri Sep 11 11:23:00 2020"
"sel09_len_flt7sex2.png","Male ending year selectivity for F7_PS1","Sel",2020-09-28 18:49:05,"StartTime: Fri Sep 11 11:23:00 2020"
"sel09_len_flt8sex1.png","Female ending year selectivity for F8_Other1","Sel",2020-09-28 18:49:05,"StartTime: Fri Sep 11 11:23:00 2020"
"sel09_len_flt8sex2.png","Male ending year selectivity for F8_Other1","Sel",2020-09-28 18:49:05,"StartTime: Fri Sep 11 11:23:00 2020"
"sel09_len_flt9sex1.png","Female ending year selectivity for F9_Other2","Sel",2020-09-28 18:49:05,"StartTime: Fri Sep 11 11:23:00 2020"
"sel09_len_flt9sex2.png","Male ending year selectivity for F9_Other2","Sel",2020-09-28 18:49:05,"StartTime: Fri Sep 11 11:23:00 2020"
"sel09_len_flt10sex1.png","Female ending year selectivity for F10_Other3","Sel",2020-09-28 18:49:05,"StartTime: Fri Sep 11 11:23:00 2020"
"sel09_len_flt10sex2.png","Male ending year selectivity for F10_Other3","Sel",2020-09-28 18:49:05,"StartTime: Fri Sep 11 11:23:00 2020"
"sel09_len_flt11sex1.png","Female ending year selectivity for F11_Other4","Sel",2020-09-28 18:49:05,"StartTime: Fri Sep 11 11:23:00 2020"
"sel09_len_flt11sex2.png","Male ending year selectivity for F11_Other4","Sel",2020-09-28 18:49:05,"StartTime: Fri Sep 11 11:23:00 2020"
"sel09_len_flt12sex1.png","Female ending year selectivity for LLCPUE1","Sel",2020-09-28 18:49:05,"StartTime: Fri Sep 11 11:23:00 2020"
"sel09_len_flt12sex2.png","Male ending year selectivity for LLCPUE1","Sel",2020-09-28 18:49:05,"StartTime: Fri Sep 11 11:23:00 2020"
"sel09_len_flt13sex1.png","Female ending year selectivity for LLCPUE2","Sel",2020-09-28 18:49:05,"StartTime: Fri Sep 11 11:23:00 2020"
"sel09_len_flt13sex2.png","Male ending year selectivity for LLCPUE2","Sel",2020-09-28 18:49:05,"StartTime: Fri Sep 11 11:23:00 2020"
"sel09_len_flt14sex1.png","Female ending year selectivity for LLCPUE3","Sel",2020-09-28 18:49:05,"StartTime: Fri Sep 11 11:23:00 2020"
"sel09_len_flt14sex2.png","Male ending year selectivity for LLCPUE3","Sel",2020-09-28 18:49:05,"StartTime: Fri Sep 11 11:23:00 2020"
"sel09_len_flt15sex1.png","Female ending year selectivity for LLCPUE4","Sel",2020-09-28 18:49:05,"StartTime: Fri Sep 11 11:23:00 2020"
"sel09_len_flt15sex2.png","Male ending year selectivity for LLCPUE4","Sel",2020-09-28 18:49:05,"StartTime: Fri Sep 11 11:23:00 2020"
"sel09_len_flt16sex1.png","Female ending year selectivity for DNCPUE4","Sel",2020-09-28 18:49:05,"StartTime: Fri Sep 11 11:23:00 2020"
"sel09_len_flt16sex2.png","Male ending year selectivity for DNCPUE4","Sel",2020-09-28 18:49:05,"StartTime: Fri Sep 11 11:23:00 2020"
"sel09_len_flt17sex1.png","Female ending year selectivity for LLCPUE1early","Sel",2020-09-28 18:49:05,"StartTime: Fri Sep 11 11:23:00 2020"
"sel09_len_flt17sex2.png","Male ending year selectivity for LLCPUE1early","Sel",2020-09-28 18:49:05,"StartTime: Fri Sep 11 11:23:00 2020"
"sel09_len_flt18sex1.png","Female ending year selectivity for LLCPUE2early","Sel",2020-09-28 18:49:05,"StartTime: Fri Sep 11 11:23:00 2020"
"sel09_len_flt18sex2.png","Male ending year selectivity for LLCPUE2early","Sel",2020-09-28 18:49:05,"StartTime: Fri Sep 11 11:23:00 2020"
"sel09_len_flt19sex1.png","Female ending year selectivity for LLCPUE3early","Sel",2020-09-28 18:49:05,"StartTime: Fri Sep 11 11:23:00 2020"
"sel09_len_flt19sex2.png","Male ending year selectivity for LLCPUE3early","Sel",2020-09-28 18:49:05,"StartTime: Fri Sep 11 11:23:00 2020"
"sel09_len_flt20sex1.png","Female ending year selectivity for LLCPUE4early","Sel",2020-09-28 18:49:05,"StartTime: Fri Sep 11 11:23:00 2020"
"sel09_len_flt20sex2.png","Male ending year selectivity for LLCPUE4early","Sel",2020-09-28 18:49:05,"StartTime: Fri Sep 11 11:23:00 2020"
"sel21_agelen_contour_flt1sex1.png","Female ending year selectivity and growth for F1_LL1","Sel",2020-09-28 18:49:05,"StartTime: Fri Sep 11 11:23:00 2020"
"sel21_agelen_contour_flt1sex2.png","Male ending year selectivity and growth for F1_LL1","Sel",2020-09-28 18:49:05,"StartTime: Fri Sep 11 11:23:00 2020"
"sel21_agelen_contour_flt2sex1.png","Female ending year selectivity and growth for F2_LL2","Sel",2020-09-28 18:49:05,"StartTime: Fri Sep 11 11:23:00 2020"
"sel21_agelen_contour_flt2sex2.png","Male ending year selectivity and growth for F2_LL2","Sel",2020-09-28 18:49:05,"StartTime: Fri Sep 11 11:23:00 2020"
"sel21_agelen_contour_flt3sex1.png","Female ending year selectivity and growth for F3_LL3","Sel",2020-09-28 18:49:05,"StartTime: Fri Sep 11 11:23:00 2020"
"sel21_agelen_contour_flt3sex2.png","Male ending year selectivity and growth for F3_LL3","Sel",2020-09-28 18:49:05,"StartTime: Fri Sep 11 11:23:00 2020"
"sel21_agelen_contour_flt4sex1.png","Female ending year selectivity and growth for F4_LL4","Sel",2020-09-28 18:49:05,"StartTime: Fri Sep 11 11:23:00 2020"
"sel21_agelen_contour_flt4sex2.png","Male ending year selectivity and growth for F4_LL4","Sel",2020-09-28 18:49:05,"StartTime: Fri Sep 11 11:23:00 2020"
"sel21_agelen_contour_flt5sex1.png","Female ending year selectivity and growth for F5_DN3","Sel",2020-09-28 18:49:05,"StartTime: Fri Sep 11 11:23:00 2020"
"sel21_agelen_contour_flt5sex2.png","Male ending year selectivity and growth for F5_DN3","Sel",2020-09-28 18:49:05,"StartTime: Fri Sep 11 11:23:00 2020"
"sel21_agelen_contour_flt6sex1.png","Female ending year selectivity and growth for F6_DN4","Sel",2020-09-28 18:49:05,"StartTime: Fri Sep 11 11:23:00 2020"
"sel21_agelen_contour_flt6sex2.png","Male ending year selectivity and growth for F6_DN4","Sel",2020-09-28 18:49:05,"StartTime: Fri Sep 11 11:23:00 2020"
"sel21_agelen_contour_flt7sex1.png","Female ending year selectivity and growth for F7_PS1","Sel",2020-09-28 18:49:05,"StartTime: Fri Sep 11 11:23:00 2020"
"sel21_agelen_contour_flt7sex2.png","Male ending year selectivity and growth for F7_PS1","Sel",2020-09-28 18:49:05,"StartTime: Fri Sep 11 11:23:00 2020"
"sel21_agelen_contour_flt8sex1.png","Female ending year selectivity and growth for F8_Other1","Sel",2020-09-28 18:49:05,"StartTime: Fri Sep 11 11:23:00 2020"
"sel21_agelen_contour_flt8sex2.png","Male ending year selectivity and growth for F8_Other1","Sel",2020-09-28 18:49:05,"StartTime: Fri Sep 11 11:23:00 2020"
"sel21_agelen_contour_flt9sex1.png","Female ending year selectivity and growth for F9_Other2","Sel",2020-09-28 18:49:05,"StartTime: Fri Sep 11 11:23:00 2020"
"sel21_agelen_contour_flt9sex2.png","Male ending year selectivity and growth for F9_Other2","Sel",2020-09-28 18:49:05,"StartTime: Fri Sep 11 11:23:00 2020"
"sel21_agelen_contour_flt10sex1.png","Female ending year selectivity and growth for F10_Other3","Sel",2020-09-28 18:49:05,"StartTime: Fri Sep 11 11:23:00 2020"
"sel21_agelen_contour_flt10sex2.png","Male ending year selectivity and growth for F10_Other3","Sel",2020-09-28 18:49:05,"StartTime: Fri Sep 11 11:23:00 2020"
"sel21_agelen_contour_flt11sex1.png","Female ending year selectivity and growth for F11_Other4","Sel",2020-09-28 18:49:05,"StartTime: Fri Sep 11 11:23:00 2020"
"sel21_agelen_contour_flt11sex2.png","Male ending year selectivity and growth for F11_Other4","Sel",2020-09-28 18:49:05,"StartTime: Fri Sep 11 11:23:00 2020"
"sel21_agelen_contour_flt12sex1.png","Female ending year selectivity and growth for LLCPUE1","Sel",2020-09-28 18:49:05,"StartTime: Fri Sep 11 11:23:00 2020"
"sel21_agelen_contour_flt12sex2.png","Male ending year selectivity and growth for LLCPUE1","Sel",2020-09-28 18:49:05,"StartTime: Fri Sep 11 11:23:00 2020"
"sel21_agelen_contour_flt13sex1.png","Female ending year selectivity and growth for LLCPUE2","Sel",2020-09-28 18:49:05,"StartTime: Fri Sep 11 11:23:00 2020"
"sel21_agelen_contour_flt13sex2.png","Male ending year selectivity and growth for LLCPUE2","Sel",2020-09-28 18:49:05,"StartTime: Fri Sep 11 11:23:00 2020"
"sel21_agelen_contour_flt14sex1.png","Female ending year selectivity and growth for LLCPUE3","Sel",2020-09-28 18:49:05,"StartTime: Fri Sep 11 11:23:00 2020"
"sel21_agelen_contour_flt14sex2.png","Male ending year selectivity and growth for LLCPUE3","Sel",2020-09-28 18:49:05,"StartTime: Fri Sep 11 11:23:00 2020"
"sel21_agelen_contour_flt15sex1.png","Female ending year selectivity and growth for LLCPUE4","Sel",2020-09-28 18:49:05,"StartTime: Fri Sep 11 11:23:00 2020"
"sel21_agelen_contour_flt15sex2.png","Male ending year selectivity and growth for LLCPUE4","Sel",2020-09-28 18:49:05,"StartTime: Fri Sep 11 11:23:00 2020"
"sel21_agelen_contour_flt16sex1.png","Female ending year selectivity and growth for DNCPUE4","Sel",2020-09-28 18:49:05,"StartTime: Fri Sep 11 11:23:00 2020"
"sel21_agelen_contour_flt16sex2.png","Male ending year selectivity and growth for DNCPUE4","Sel",2020-09-28 18:49:05,"StartTime: Fri Sep 11 11:23:00 2020"
"sel21_agelen_contour_flt17sex1.png","Female ending year selectivity and growth for LLCPUE1early","Sel",2020-09-28 18:49:05,"StartTime: Fri Sep 11 11:23:00 2020"
"sel21_agelen_contour_flt17sex2.png","Male ending year selectivity and growth for LLCPUE1early","Sel",2020-09-28 18:49:05,"StartTime: Fri Sep 11 11:23:00 2020"
"sel21_agelen_contour_flt18sex1.png","Female ending year selectivity and growth for LLCPUE2early","Sel",2020-09-28 18:49:05,"StartTime: Fri Sep 11 11:23:00 2020"
"sel21_agelen_contour_flt18sex2.png","Male ending year selectivity and growth for LLCPUE2early","Sel",2020-09-28 18:49:05,"StartTime: Fri Sep 11 11:23:00 2020"
"sel21_agelen_contour_flt19sex1.png","Female ending year selectivity and growth for LLCPUE3early","Sel",2020-09-28 18:49:05,"StartTime: Fri Sep 11 11:23:00 2020"
"sel21_agelen_contour_flt19sex2.png","Male ending year selectivity and growth for LLCPUE3early","Sel",2020-09-28 18:49:05,"StartTime: Fri Sep 11 11:23:00 2020"
"sel21_agelen_contour_flt20sex1.png","Female ending year selectivity and growth for LLCPUE4early","Sel",2020-09-28 18:49:05,"StartTime: Fri Sep 11 11:23:00 2020"
"sel21_agelen_contour_flt20sex2.png","Male ending year selectivity and growth for LLCPUE4early","Sel",2020-09-28 18:49:05,"StartTime: Fri Sep 11 11:23:00 2020"
"ts1_Total_biomass_(mt).png","Total biomass (mt)","Timeseries",2020-09-28 18:49:05,"StartTime: Fri Sep 11 11:23:00 2020"
"ts1_Total_biomass_(mt)_with_forecast_forecast.png","Total biomass (mt) with forecast","Timeseries",2020-09-28 18:49:05,"StartTime: Fri Sep 11 11:23:00 2020"
"ts3_Total_biomass_(mt)_at_beginning_of_season_1.png","Total biomass (mt) at beginning of season 1","Timeseries",2020-09-28 18:49:05,"StartTime: Fri Sep 11 11:23:00 2020"
"ts3_Total_biomass_(mt)_at_beginning_of_season_1_with_forecast_forecast.png","Total biomass (mt) at beginning of season 1 with forecast","Timeseries",2020-09-28 18:49:05,"StartTime: Fri Sep 11 11:23:00 2020"
"ts4_Summary_biomass_(mt).png","Summary biomass (mt)","Timeseries",2020-09-28 18:49:05,"StartTime: Fri Sep 11 11:23:00 2020"
"ts4_Summary_biomass_(mt)_with_forecast_forecast.png","Summary biomass (mt) with forecast","Timeseries",2020-09-28 18:49:05,"StartTime: Fri Sep 11 11:23:00 2020"
"ts6_Summary_biomass_(mt)_at_beginning_of_season_1.png","Summary biomass (mt) at beginning of season 1","Timeseries",2020-09-28 18:49:05,"StartTime: Fri Sep 11 11:23:00 2020"
"ts6_Summary_biomass_(mt)_at_beginning_of_season_1_with_forecast_forecast.png","Summary biomass (mt) at beginning of season 1 with forecast","Timeseries",2020-09-28 18:49:05,"StartTime: Fri Sep 11 11:23:00 2020"
"ts7_Spawning_biomass_(mt).png","Spawning biomass (mt)","Timeseries",2020-09-28 18:49:05,"StartTime: Fri Sep 11 11:23:00 2020"
"ts7_Spawning_biomass_(mt)_with_forecast_forecast.png","Spawning biomass (mt) with forecast","Timeseries",2020-09-28 18:49:05,"StartTime: Fri Sep 11 11:23:00 2020"
"ts9_Fraction_of_unfished.png","Fraction of unfished","Timeseries",2020-09-28 18:49:05,"StartTime: Fri Sep 11 11:23:00 2020"
"ts9_Fraction_of_unfished_with_forecast_forecast.png","Fraction of unfished with forecast","Timeseries",2020-09-28 18:49:05,"StartTime: Fri Sep 11 11:23:00 2020"
"ts11_Age-0_recruits_(1000s).png","Age-0 recruits (1,000s)","Timeseries",2020-09-28 18:49:05,"StartTime: Fri Sep 11 11:23:00 2020"
"ts11_Age-0_recruits_(1000s)_with_forecast_forecast.png","Age-0 recruits (1,000s) with forecast","Timeseries",2020-09-28 18:49:05,"StartTime: Fri Sep 11 11:23:00 2020"
"ts_summaryF.png","Summary F (definition of F depends on setting in starter.ss)","Timeseries",2020-09-28 18:49:05,"StartTime: Fri Sep 11 11:23:00 2020"
"recdevs1_points.png","Recruitment deviations","RecDev",2020-09-28 18:49:05,"StartTime: Fri Sep 11 11:23:00 2020"
"SR_curve.png","Stock-recruit curve.  Point colors indicate year, with warmer colors indicating earlier years and cooler colors in showing later years.","S-R",2020-09-28 18:49:05,"StartTime: Fri Sep 11 11:23:00 2020"
"SR_curve2.png","Stock-recruit curve with labels on first, last, and years with (log) deviations > 0.5. Point colors indicate year, with warmer colors indicating earlier years and cooler colors in showing later years.","S-R",2020-09-28 18:49:05,"StartTime: Fri Sep 11 11:23:00 2020"
"SR_resids.png","Deviations around the stock-recruit curve. Labels are on first, last, and years with (log) deviations > 0.5. Point colors indicate year, with warmer colors indicating earlier years and cooler colors in showing later years.","S-R",2020-09-28 18:49:05,"StartTime: Fri Sep 11 11:23:00 2020"
"catch1 landings.png","landings","Catch",2020-09-28 18:49:05,"StartTime: Fri Sep 11 11:23:00 2020"
"catch2 landings stacked.png","landings stacked","Catch",2020-09-28 18:49:05,"StartTime: Fri Sep 11 11:23:00 2020"
"catch9 harvest rate.png","harvest rate","Catch",2020-09-28 18:49:05,"StartTime: Fri Sep 11 11:23:00 2020"
"catch10 landings aggregated across seasons.png"," landings aggregated across seasons","Catch",2020-09-28 18:49:05,"StartTime: Fri Sep 11 11:23:00 2020"
"catch11 landings aggregated across seasons stacked.png"," landings aggregated across seasons stacked","Catch",2020-09-28 18:49:05,"StartTime: Fri Sep 11 11:23:00 2020"
"SPR1_series.png","Timeseries of SPR","SPR",2020-09-28 18:49:05,"StartTime: Fri Sep 11 11:23:00 2020"
"index1_cpuedata_LLCPUE1.png","Index data for LLCPUE1. Lines indicate 95% uncertainty interval around index values based on the model assumption of lognormal error. Thicker lines (if present) indicate input uncertainty before addition of estimated additional uncertainty parameter.","Index",2020-09-28 18:49:05,"StartTime: Fri Sep 11 11:23:00 2020"
"index2_cpuefit_LLCPUE1.png","Fit to index data for LLCPUE1. Lines indicate 95% uncertainty interval around index values based on the model assumption of lognormal error. Thicker lines (if present) indicate input uncertainty before addition of estimated additional uncertainty parameter.","Index",2020-09-28 18:49:05,"StartTime: Fri Sep 11 11:23:00 2020"
"index3_obs_vs_exp_LLCPUE1.png","Observed vs. expected index values with smoother for LLCPUE1","Index",2020-09-28 18:49:05,"StartTime: Fri Sep 11 11:23:00 2020"
"index4_logcpuedata_LLCPUE1.png","Log index data for LLCPUE1. Lines indicate 95% uncertainty interval around index values based on the model assumption of lognormal error. Thicker lines (if present) indicate input uncertainty before addition of estimated additional uncertainty parameter.","Index",2020-09-28 18:49:05,"StartTime: Fri Sep 11 11:23:00 2020"
"index5_logcpuefit_LLCPUE1.png","Fit to log index data on log scale for LLCPUE1. Lines indicate 95% uncertainty interval around index values based on the model assumption of lognormal error. Thicker lines (if present) indicate input uncertainty before addition of estimated additional uncertainty parameter.","Index",2020-09-28 18:49:05,"StartTime: Fri Sep 11 11:23:00 2020"
"index6_log_obs_vs_exp_LLCPUE1.png","log(observed) vs. log(expected) index values with smoother for LLCPUE1","Index",2020-09-28 18:49:05,"StartTime: Fri Sep 11 11:23:00 2020"
"index10_resids_SE_total_LLCPUE1.png","Residuals of fit to index for LLCPUE1.<br>Values are (log(Obs) - log(Exp))/SE where SE is the total standard error including any estimated additional uncertainty.","Index",2020-09-28 18:49:05,"StartTime: Fri Sep 11 11:23:00 2020"
"index12_resids_SE_total_LLCPUE1.png","Deviations for fit to index for LLCPUE1.<br>Values are log(Obs) - log(Exp) and thus independent of index uncertainty.","Index",2020-09-28 18:49:05,"StartTime: Fri Sep 11 11:23:00 2020"
"index1_cpuedata_LLCPUE2.png","Index data for LLCPUE2. Lines indicate 95% uncertainty interval around index values based on the model assumption of lognormal error. Thicker lines (if present) indicate input uncertainty before addition of estimated additional uncertainty parameter.","Index",2020-09-28 18:49:05,"StartTime: Fri Sep 11 11:23:00 2020"
"index2_cpuefit_LLCPUE2.png","Fit to index data for LLCPUE2. Lines indicate 95% uncertainty interval around index values based on the model assumption of lognormal error. Thicker lines (if present) indicate input uncertainty before addition of estimated additional uncertainty parameter.","Index",2020-09-28 18:49:05,"StartTime: Fri Sep 11 11:23:00 2020"
"index3_obs_vs_exp_LLCPUE2.png","Observed vs. expected index values with smoother for LLCPUE2","Index",2020-09-28 18:49:05,"StartTime: Fri Sep 11 11:23:00 2020"
"index4_logcpuedata_LLCPUE2.png","Log index data for LLCPUE2. Lines indicate 95% uncertainty interval around index values based on the model assumption of lognormal error. Thicker lines (if present) indicate input uncertainty before addition of estimated additional uncertainty parameter.","Index",2020-09-28 18:49:05,"StartTime: Fri Sep 11 11:23:00 2020"
"index5_logcpuefit_LLCPUE2.png","Fit to log index data on log scale for LLCPUE2. Lines indicate 95% uncertainty interval around index values based on the model assumption of lognormal error. Thicker lines (if present) indicate input uncertainty before addition of estimated additional uncertainty parameter.","Index",2020-09-28 18:49:05,"StartTime: Fri Sep 11 11:23:00 2020"
"index6_log_obs_vs_exp_LLCPUE2.png","log(observed) vs. log(expected) index values with smoother for LLCPUE2","Index",2020-09-28 18:49:05,"StartTime: Fri Sep 11 11:23:00 2020"
"index10_resids_SE_total_LLCPUE2.png","Residuals of fit to index for LLCPUE2.<br>Values are (log(Obs) - log(Exp))/SE where SE is the total standard error including any estimated additional uncertainty.","Index",2020-09-28 18:49:05,"StartTime: Fri Sep 11 11:23:00 2020"
"index12_resids_SE_total_LLCPUE2.png","Deviations for fit to index for LLCPUE2.<br>Values are log(Obs) - log(Exp) and thus independent of index uncertainty.","Index",2020-09-28 18:49:05,"StartTime: Fri Sep 11 11:23:00 2020"
"index1_cpuedata_LLCPUE3.png","Index data for LLCPUE3. Lines indicate 95% uncertainty interval around index values based on the model assumption of lognormal error. Thicker lines (if present) indicate input uncertainty before addition of estimated additional uncertainty parameter.","Index",2020-09-28 18:49:05,"StartTime: Fri Sep 11 11:23:00 2020"
"index2_cpuefit_LLCPUE3.png","Fit to index data for LLCPUE3. Lines indicate 95% uncertainty interval around index values based on the model assumption of lognormal error. Thicker lines (if present) indicate input uncertainty before addition of estimated additional uncertainty parameter.","Index",2020-09-28 18:49:05,"StartTime: Fri Sep 11 11:23:00 2020"
"index3_obs_vs_exp_LLCPUE3.png","Observed vs. expected index values with smoother for LLCPUE3","Index",2020-09-28 18:49:05,"StartTime: Fri Sep 11 11:23:00 2020"
"index4_logcpuedata_LLCPUE3.png","Log index data for LLCPUE3. Lines indicate 95% uncertainty interval around index values based on the model assumption of lognormal error. Thicker lines (if present) indicate input uncertainty before addition of estimated additional uncertainty parameter.","Index",2020-09-28 18:49:05,"StartTime: Fri Sep 11 11:23:00 2020"
"index5_logcpuefit_LLCPUE3.png","Fit to log index data on log scale for LLCPUE3. Lines indicate 95% uncertainty interval around index values based on the model assumption of lognormal error. Thicker lines (if present) indicate input uncertainty before addition of estimated additional uncertainty parameter.","Index",2020-09-28 18:49:05,"StartTime: Fri Sep 11 11:23:00 2020"
"index6_log_obs_vs_exp_LLCPUE3.png","log(observed) vs. log(expected) index values with smoother for LLCPUE3","Index",2020-09-28 18:49:05,"StartTime: Fri Sep 11 11:23:00 2020"
"index10_resids_SE_total_LLCPUE3.png","Residuals of fit to index for LLCPUE3.<br>Values are (log(Obs) - log(Exp))/SE where SE is the total standard error including any estimated additional uncertainty.","Index",2020-09-28 18:49:05,"StartTime: Fri Sep 11 11:23:00 2020"
"index12_resids_SE_total_LLCPUE3.png","Deviations for fit to index for LLCPUE3.<br>Values are log(Obs) - log(Exp) and thus independent of index uncertainty.","Index",2020-09-28 18:49:05,"StartTime: Fri Sep 11 11:23:00 2020"
"index1_cpuedata_LLCPUE4.png","Index data for LLCPUE4. Lines indicate 95% uncertainty interval around index values based on the model assumption of lognormal error. Thicker lines (if present) indicate input uncertainty before addition of estimated additional uncertainty parameter.","Index",2020-09-28 18:49:05,"StartTime: Fri Sep 11 11:23:00 2020"
"index2_cpuefit_LLCPUE4.png","Fit to index data for LLCPUE4. Lines indicate 95% uncertainty interval around index values based on the model assumption of lognormal error. Thicker lines (if present) indicate input uncertainty before addition of estimated additional uncertainty parameter.","Index",2020-09-28 18:49:05,"StartTime: Fri Sep 11 11:23:00 2020"
"index3_obs_vs_exp_LLCPUE4.png","Observed vs. expected index values with smoother for LLCPUE4","Index",2020-09-28 18:49:05,"StartTime: Fri Sep 11 11:23:00 2020"
"index4_logcpuedata_LLCPUE4.png","Log index data for LLCPUE4. Lines indicate 95% uncertainty interval around index values based on the model assumption of lognormal error. Thicker lines (if present) indicate input uncertainty before addition of estimated additional uncertainty parameter.","Index",2020-09-28 18:49:05,"StartTime: Fri Sep 11 11:23:00 2020"
"index5_logcpuefit_LLCPUE4.png","Fit to log index data on log scale for LLCPUE4. Lines indicate 95% uncertainty interval around index values based on the model assumption of lognormal error. Thicker lines (if present) indicate input uncertainty before addition of estimated additional uncertainty parameter.","Index",2020-09-28 18:49:05,"StartTime: Fri Sep 11 11:23:00 2020"
"index6_log_obs_vs_exp_LLCPUE4.png","log(observed) vs. log(expected) index values with smoother for LLCPUE4","Index",2020-09-28 18:49:05,"StartTime: Fri Sep 11 11:23:00 2020"
"index10_resids_SE_total_LLCPUE4.png","Residuals of fit to index for LLCPUE4.<br>Values are (log(Obs) - log(Exp))/SE where SE is the total standard error including any estimated additional uncertainty.","Index",2020-09-28 18:49:05,"StartTime: Fri Sep 11 11:23:00 2020"
"index12_resids_SE_total_LLCPUE4.png","Deviations for fit to index for LLCPUE4.<br>Values are log(Obs) - log(Exp) and thus independent of index uncertainty.","Index",2020-09-28 18:49:05,"StartTime: Fri Sep 11 11:23:00 2020"
"index1_cpuedata_DNCPUE4.png","Index data for DNCPUE4. Lines indicate 95% uncertainty interval around index values based on the model assumption of lognormal error. Thicker lines (if present) indicate input uncertainty before addition of estimated additional uncertainty parameter.","Index",2020-09-28 18:49:05,"StartTime: Fri Sep 11 11:23:00 2020"
"index2_cpuefit_DNCPUE4.png","Fit to index data for DNCPUE4. Lines indicate 95% uncertainty interval around index values based on the model assumption of lognormal error. Thicker lines (if present) indicate input uncertainty before addition of estimated additional uncertainty parameter.","Index",2020-09-28 18:49:05,"StartTime: Fri Sep 11 11:23:00 2020"
"index3_obs_vs_exp_DNCPUE4.png","Observed vs. expected index values with smoother for DNCPUE4","Index",2020-09-28 18:49:05,"StartTime: Fri Sep 11 11:23:00 2020"
"index4_logcpuedata_DNCPUE4.png","Log index data for DNCPUE4. Lines indicate 95% uncertainty interval around index values based on the model assumption of lognormal error. Thicker lines (if present) indicate input uncertainty before addition of estimated additional uncertainty parameter.","Index",2020-09-28 18:49:05,"StartTime: Fri Sep 11 11:23:00 2020"
"index5_logcpuefit_DNCPUE4.png","Fit to log index data on log scale for DNCPUE4. Lines indicate 95% uncertainty interval around index values based on the model assumption of lognormal error. Thicker lines (if present) indicate input uncertainty before addition of estimated additional uncertainty parameter.","Index",2020-09-28 18:49:05,"StartTime: Fri Sep 11 11:23:00 2020"
"index6_log_obs_vs_exp_DNCPUE4.png","log(observed) vs. log(expected) index values with smoother for DNCPUE4","Index",2020-09-28 18:49:05,"StartTime: Fri Sep 11 11:23:00 2020"
"index10_resids_SE_total_DNCPUE4.png","Residuals of fit to index for DNCPUE4.<br>Values are (log(Obs) - log(Exp))/SE where SE is the total standard error including any estimated additional uncertainty.","Index",2020-09-28 18:49:05,"StartTime: Fri Sep 11 11:23:00 2020"
"index12_resids_SE_total_DNCPUE4.png","Deviations for fit to index for DNCPUE4.<br>Values are log(Obs) - log(Exp) and thus independent of index uncertainty.","Index",2020-09-28 18:49:05,"StartTime: Fri Sep 11 11:23:00 2020"
"index1_cpuedata_LLCPUE1early.png","Index data for LLCPUE1early. Lines indicate 95% uncertainty interval around index values based on the model assumption of lognormal error. Thicker lines (if present) indicate input uncertainty before addition of estimated additional uncertainty parameter.","Index",2020-09-28 18:49:05,"StartTime: Fri Sep 11 11:23:00 2020"
"index2_cpuefit_LLCPUE1early.png","Fit to index data for LLCPUE1early. Lines indicate 95% uncertainty interval around index values based on the model assumption of lognormal error. Thicker lines (if present) indicate input uncertainty before addition of estimated additional uncertainty parameter.","Index",2020-09-28 18:49:05,"StartTime: Fri Sep 11 11:23:00 2020"
"index3_obs_vs_exp_LLCPUE1early.png","Observed vs. expected index values with smoother for LLCPUE1early","Index",2020-09-28 18:49:05,"StartTime: Fri Sep 11 11:23:00 2020"
"index4_logcpuedata_LLCPUE1early.png","Log index data for LLCPUE1early. Lines indicate 95% uncertainty interval around index values based on the model assumption of lognormal error. Thicker lines (if present) indicate input uncertainty before addition of estimated additional uncertainty parameter.","Index",2020-09-28 18:49:05,"StartTime: Fri Sep 11 11:23:00 2020"
"index5_logcpuefit_LLCPUE1early.png","Fit to log index data on log scale for LLCPUE1early. Lines indicate 95% uncertainty interval around index values based on the model assumption of lognormal error. Thicker lines (if present) indicate input uncertainty before addition of estimated additional uncertainty parameter.","Index",2020-09-28 18:49:05,"StartTime: Fri Sep 11 11:23:00 2020"
"index6_log_obs_vs_exp_LLCPUE1early.png","log(observed) vs. log(expected) index values with smoother for LLCPUE1early","Index",2020-09-28 18:49:05,"StartTime: Fri Sep 11 11:23:00 2020"
"index10_resids_SE_total_LLCPUE1early.png","Residuals of fit to index for LLCPUE1early.<br>Values are (log(Obs) - log(Exp))/SE where SE is the total standard error including any estimated additional uncertainty.","Index",2020-09-28 18:49:05,"StartTime: Fri Sep 11 11:23:00 2020"
"index12_resids_SE_total_LLCPUE1early.png","Deviations for fit to index for LLCPUE1early.<br>Values are log(Obs) - log(Exp) and thus independent of index uncertainty.","Index",2020-09-28 18:49:05,"StartTime: Fri Sep 11 11:23:00 2020"
"index1_cpuedata_LLCPUE2early.png","Index data for LLCPUE2early. Lines indicate 95% uncertainty interval around index values based on the model assumption of lognormal error. Thicker lines (if present) indicate input uncertainty before addition of estimated additional uncertainty parameter.","Index",2020-09-28 18:49:05,"StartTime: Fri Sep 11 11:23:00 2020"
"index2_cpuefit_LLCPUE2early.png","Fit to index data for LLCPUE2early. Lines indicate 95% uncertainty interval around index values based on the model assumption of lognormal error. Thicker lines (if present) indicate input uncertainty before addition of estimated additional uncertainty parameter.","Index",2020-09-28 18:49:05,"StartTime: Fri Sep 11 11:23:00 2020"
"index3_obs_vs_exp_LLCPUE2early.png","Observed vs. expected index values with smoother for LLCPUE2early","Index",2020-09-28 18:49:05,"StartTime: Fri Sep 11 11:23:00 2020"
"index4_logcpuedata_LLCPUE2early.png","Log index data for LLCPUE2early. Lines indicate 95% uncertainty interval around index values based on the model assumption of lognormal error. Thicker lines (if present) indicate input uncertainty before addition of estimated additional uncertainty parameter.","Index",2020-09-28 18:49:05,"StartTime: Fri Sep 11 11:23:00 2020"
"index5_logcpuefit_LLCPUE2early.png","Fit to log index data on log scale for LLCPUE2early. Lines indicate 95% uncertainty interval around index values based on the model assumption of lognormal error. Thicker lines (if present) indicate input uncertainty before addition of estimated additional uncertainty parameter.","Index",2020-09-28 18:49:05,"StartTime: Fri Sep 11 11:23:00 2020"
"index6_log_obs_vs_exp_LLCPUE2early.png","log(observed) vs. log(expected) index values with smoother for LLCPUE2early","Index",2020-09-28 18:49:05,"StartTime: Fri Sep 11 11:23:00 2020"
"index10_resids_SE_total_LLCPUE2early.png","Residuals of fit to index for LLCPUE2early.<br>Values are (log(Obs) - log(Exp))/SE where SE is the total standard error including any estimated additional uncertainty.","Index",2020-09-28 18:49:05,"StartTime: Fri Sep 11 11:23:00 2020"
"index12_resids_SE_total_LLCPUE2early.png","Deviations for fit to index for LLCPUE2early.<br>Values are log(Obs) - log(Exp) and thus independent of index uncertainty.","Index",2020-09-28 18:49:05,"StartTime: Fri Sep 11 11:23:00 2020"
"index1_cpuedata_LLCPUE3early.png","Index data for LLCPUE3early. Lines indicate 95% uncertainty interval around index values based on the model assumption of lognormal error. Thicker lines (if present) indicate input uncertainty before addition of estimated additional uncertainty parameter.","Index",2020-09-28 18:49:05,"StartTime: Fri Sep 11 11:23:00 2020"
"index2_cpuefit_LLCPUE3early.png","Fit to index data for LLCPUE3early. Lines indicate 95% uncertainty interval around index values based on the model assumption of lognormal error. Thicker lines (if present) indicate input uncertainty before addition of estimated additional uncertainty parameter.","Index",2020-09-28 18:49:05,"StartTime: Fri Sep 11 11:23:00 2020"
"index3_obs_vs_exp_LLCPUE3early.png","Observed vs. expected index values with smoother for LLCPUE3early","Index",2020-09-28 18:49:05,"StartTime: Fri Sep 11 11:23:00 2020"
"index4_logcpuedata_LLCPUE3early.png","Log index data for LLCPUE3early. Lines indicate 95% uncertainty interval around index values based on the model assumption of lognormal error. Thicker lines (if present) indicate input uncertainty before addition of estimated additional uncertainty parameter.","Index",2020-09-28 18:49:05,"StartTime: Fri Sep 11 11:23:00 2020"
"index5_logcpuefit_LLCPUE3early.png","Fit to log index data on log scale for LLCPUE3early. Lines indicate 95% uncertainty interval around index values based on the model assumption of lognormal error. Thicker lines (if present) indicate input uncertainty before addition of estimated additional uncertainty parameter.","Index",2020-09-28 18:49:05,"StartTime: Fri Sep 11 11:23:00 2020"
"index6_log_obs_vs_exp_LLCPUE3early.png","log(observed) vs. log(expected) index values with smoother for LLCPUE3early","Index",2020-09-28 18:49:05,"StartTime: Fri Sep 11 11:23:00 2020"
"index10_resids_SE_total_LLCPUE3early.png","Residuals of fit to index for LLCPUE3early.<br>Values are (log(Obs) - log(Exp))/SE where SE is the total standard error including any estimated additional uncertainty.","Index",2020-09-28 18:49:05,"StartTime: Fri Sep 11 11:23:00 2020"
"index12_resids_SE_total_LLCPUE3early.png","Deviations for fit to index for LLCPUE3early.<br>Values are log(Obs) - log(Exp) and thus independent of index uncertainty.","Index",2020-09-28 18:49:05,"StartTime: Fri Sep 11 11:23:00 2020"
"index1_cpuedata_LLCPUE4early.png","Index data for LLCPUE4early. Lines indicate 95% uncertainty interval around index values based on the model assumption of lognormal error. Thicker lines (if present) indicate input uncertainty before addition of estimated additional uncertainty parameter.","Index",2020-09-28 18:49:05,"StartTime: Fri Sep 11 11:23:00 2020"
"index2_cpuefit_LLCPUE4early.png","Fit to index data for LLCPUE4early. Lines indicate 95% uncertainty interval around index values based on the model assumption of lognormal error. Thicker lines (if present) indicate input uncertainty before addition of estimated additional uncertainty parameter.","Index",2020-09-28 18:49:05,"StartTime: Fri Sep 11 11:23:00 2020"
"index3_obs_vs_exp_LLCPUE4early.png","Observed vs. expected index values with smoother for LLCPUE4early","Index",2020-09-28 18:49:05,"StartTime: Fri Sep 11 11:23:00 2020"
"index4_logcpuedata_LLCPUE4early.png","Log index data for LLCPUE4early. Lines indicate 95% uncertainty interval around index values based on the model assumption of lognormal error. Thicker lines (if present) indicate input uncertainty before addition of estimated additional uncertainty parameter.","Index",2020-09-28 18:49:05,"StartTime: Fri Sep 11 11:23:00 2020"
"index5_logcpuefit_LLCPUE4early.png","Fit to log index data on log scale for LLCPUE4early. Lines indicate 95% uncertainty interval around index values based on the model assumption of lognormal error. Thicker lines (if present) indicate input uncertainty before addition of estimated additional uncertainty parameter.","Index",2020-09-28 18:49:05,"StartTime: Fri Sep 11 11:23:00 2020"
"index6_log_obs_vs_exp_LLCPUE4early.png","log(observed) vs. log(expected) index values with smoother for LLCPUE4early","Index",2020-09-28 18:49:05,"StartTime: Fri Sep 11 11:23:00 2020"
"index10_resids_SE_total_LLCPUE4early.png","Residuals of fit to index for LLCPUE4early.<br>Values are (log(Obs) - log(Exp))/SE where SE is the total standard error including any estimated additional uncertainty.","Index",2020-09-28 18:49:05,"StartTime: Fri Sep 11 11:23:00 2020"
"index12_resids_SE_total_LLCPUE4early.png","Deviations for fit to index for LLCPUE4early.<br>Values are log(Obs) - log(Exp) and thus independent of index uncertainty.","Index",2020-09-28 18:49:05,"StartTime: Fri Sep 11 11:23:00 2020"
"index9_standcpueall.png","Standardized indices overlaid. Each index is rescaled to have mean observation = 1.0.","Index",2020-09-28 18:49:05,"StartTime: Fri Sep 11 11:23:00 2020"
"numbers1_sex1_beg.png","Beginning of season 1 expected numbers at age of females in (max ~ 9.3 million)","Numbers",2020-09-28 18:49:05,"StartTime: Fri Sep 11 11:23:00 2020"
"numbers1_sex2_beg.png","Beginning of season 1 expected numbers at age of males in (max ~ 9.3 million)","Numbers",2020-09-28 18:49:05,"StartTime: Fri Sep 11 11:23:00 2020"
"numbers2_meanage_beg.png","Beginning of season 1 mean age in the population","Numbers",2020-09-28 18:49:05,"StartTime: Fri Sep 11 11:23:00 2020"
"numbers1_sex1_mid.png","Middle of season 1 expected numbers at age of females in (max ~ 8.9 million)","Numbers",2020-09-28 18:49:05,"StartTime: Fri Sep 11 11:23:00 2020"
"numbers1_sex2_mid.png","Middle of season 1 expected numbers at age of males in (max ~ 8.9 million)","Numbers",2020-09-28 18:49:05,"StartTime: Fri Sep 11 11:23:00 2020"
"numbers2_meanage_mid.png","Middle of season 1 mean age in the population","Numbers",2020-09-28 18:49:05,"StartTime: Fri Sep 11 11:23:00 2020"
"numbers3_frac_female_age.png","Fraction female in numbers at age","Numbers",2020-09-28 18:49:05,"StartTime: Fri Sep 11 11:23:00 2020"
"numbers6_len_sex1.png","Beginning of season 1 expected numbers at length of females in (max ~ 9.3 million)","Numbers",2020-09-28 18:49:05,"StartTime: Fri Sep 11 11:23:00 2020"
"numbers6_len_sex2.png","Beginning of season 1 expected numbers at length of males in (max ~ 9.3 million)","Numbers",2020-09-28 18:49:05,"StartTime: Fri Sep 11 11:23:00 2020"
"numbers7_meanlen.png","Beginning of season 1 mean length (cm) in the population","Numbers",2020-09-28 18:49:05,"StartTime: Fri Sep 11 11:23:00 2020"
"numbers6_len_sex1.png","Middle of season 1 expected numbers at length of females in (max ~ 6.2 million)","Numbers",2020-09-28 18:49:05,"StartTime: Fri Sep 11 11:23:00 2020"
"numbers6_len_sex2.png","Middle of season 1 expected numbers at length of males in (max ~ 6.3 million)","Numbers",2020-09-28 18:49:05,"StartTime: Fri Sep 11 11:23:00 2020"
"numbers7_meanlen.png","Middle of season 1 mean length (cm) in the population","Numbers",2020-09-28 18:49:05,"StartTime: Fri Sep 11 11:23:00 2020"
"numbers8_frac_female_len.png","Middle of season 1 mean length (cm) in the population","Numbers",2020-09-28 18:49:05,"StartTime: Fri Sep 11 11:23:00 2020"
"numbers4_equilagecomp.png","Equilibrium age distribution","Numbers",2020-09-28 18:49:05,"StartTime: Fri Sep 11 11:23:00 2020"
"numbers5_ageerrorSD.png","Ageing imprecision: SD of observed age (yr)","Numbers",2020-09-28 18:49:05,"StartTime: Fri Sep 11 11:23:00 2020"
"numbers5_ageerror_matrix_1.png","Ageing imprecision: matrix for method 1 <br>(White = 1.0, Orange = 0.5, Red = 0.0)","Numbers",2020-09-28 18:49:05,"StartTime: Fri Sep 11 11:23:00 2020"
"numbers10_ageerror_matrix_1.png","Distribution of observed age at true age 
 for ageing error type 1","Numbers",2020-09-28 18:49:05,"StartTime: Fri Sep 11 11:23:00 2020"
"comp_lendat_flt1mkt0_page1.png","Length comp data, whole catch, F1_LL1 (plot 1 of 8).<br><br>'N adj.' is the input sample size after data-weighting adjustment. N eff. is the calculated effective sample size used in the McAllister-Iannelli tuning method.","CompDat",2020-09-28 18:49:05,"StartTime: Fri Sep 11 11:23:00 2020"
"comp_lendat_flt1mkt0_page2.png","Length comp data, whole catch, F1_LL1 (plot 2 of 8)","CompDat",2020-09-28 18:49:05,"StartTime: Fri Sep 11 11:23:00 2020"
"comp_lendat_flt1mkt0_page3.png","Length comp data, whole catch, F1_LL1 (plot 3 of 8)","CompDat",2020-09-28 18:49:05,"StartTime: Fri Sep 11 11:23:00 2020"
"comp_lendat_flt1mkt0_page4.png","Length comp data, whole catch, F1_LL1 (plot 4 of 8)","CompDat",2020-09-28 18:49:05,"StartTime: Fri Sep 11 11:23:00 2020"
"comp_lendat_flt1mkt0_page5.png","Length comp data, whole catch, F1_LL1 (plot 5 of 8)","CompDat",2020-09-28 18:49:05,"StartTime: Fri Sep 11 11:23:00 2020"
"comp_lendat_flt1mkt0_page6.png","Length comp data, whole catch, F1_LL1 (plot 6 of 8)","CompDat",2020-09-28 18:49:05,"StartTime: Fri Sep 11 11:23:00 2020"
"comp_lendat_flt1mkt0_page7.png","Length comp data, whole catch, F1_LL1 (plot 7 of 8)","CompDat",2020-09-28 18:49:05,"StartTime: Fri Sep 11 11:23:00 2020"
"comp_lendat_flt1mkt0_page8.png","Length comp data, whole catch, F1_LL1 (plot 8 of 8)","CompDat",2020-09-28 18:49:05,"StartTime: Fri Sep 11 11:23:00 2020"
"comp_lendat_bubflt1mkt0_page8.png","Length comp data, whole catch, F1_LL1 (max=0.95) (plot 8 of 8)","CompDat",2020-09-28 18:49:05,"StartTime: Fri Sep 11 11:23:00 2020"
"comp_lendat_data_weighting_TA1.8_F1_LL1.png","Mean length for F1_LL1 with 95% confidence intervals based on current samples sizes.","CompDat",2020-09-28 18:49:05,"StartTime: Fri Sep 11 11:23:00 2020"
"comp_lendat_flt2mkt0_page1.png","Length comp data, whole catch, F2_LL2 (plot 1 of 5).<br><br>'N adj.' is the input sample size after data-weighting adjustment. N eff. is the calculated effective sample size used in the McAllister-Iannelli tuning method.","CompDat",2020-09-28 18:49:05,"StartTime: Fri Sep 11 11:23:00 2020"
"comp_lendat_flt2mkt0_page2.png","Length comp data, whole catch, F2_LL2 (plot 2 of 5)","CompDat",2020-09-28 18:49:05,"StartTime: Fri Sep 11 11:23:00 2020"
"comp_lendat_flt2mkt0_page3.png","Length comp data, whole catch, F2_LL2 (plot 3 of 5)","CompDat",2020-09-28 18:49:05,"StartTime: Fri Sep 11 11:23:00 2020"
"comp_lendat_flt2mkt0_page4.png","Length comp data, whole catch, F2_LL2 (plot 4 of 5)","CompDat",2020-09-28 18:49:05,"StartTime: Fri Sep 11 11:23:00 2020"
"comp_lendat_flt2mkt0_page5.png","Length comp data, whole catch, F2_LL2 (plot 5 of 5)","CompDat",2020-09-28 18:49:05,"StartTime: Fri Sep 11 11:23:00 2020"
"comp_lendat_bubflt2mkt0_page5.png","Length comp data, whole catch, F2_LL2 (max=0.5) (plot 5 of 5)","CompDat",2020-09-28 18:49:05,"StartTime: Fri Sep 11 11:23:00 2020"
"comp_lendat_data_weighting_TA1.8_F2_LL2.png","Mean length for F2_LL2 with 95% confidence intervals based on current samples sizes.","CompDat",2020-09-28 18:49:05,"StartTime: Fri Sep 11 11:23:00 2020"
"comp_lendat_flt3mkt0_page1.png","Length comp data, whole catch, F3_LL3 (plot 1 of 10).<br><br>'N adj.' is the input sample size after data-weighting adjustment. N eff. is the calculated effective sample size used in the McAllister-Iannelli tuning method.","CompDat",2020-09-28 18:49:05,"StartTime: Fri Sep 11 11:23:00 2020"
"comp_lendat_flt3mkt0_page2.png","Length comp data, whole catch, F3_LL3 (plot 2 of 10)","CompDat",2020-09-28 18:49:05,"StartTime: Fri Sep 11 11:23:00 2020"
"comp_lendat_flt3mkt0_page3.png","Length comp data, whole catch, F3_LL3 (plot 3 of 10)","CompDat",2020-09-28 18:49:05,"StartTime: Fri Sep 11 11:23:00 2020"
"comp_lendat_flt3mkt0_page4.png","Length comp data, whole catch, F3_LL3 (plot 4 of 10)","CompDat",2020-09-28 18:49:05,"StartTime: Fri Sep 11 11:23:00 2020"
"comp_lendat_flt3mkt0_page5.png","Length comp data, whole catch, F3_LL3 (plot 5 of 10)","CompDat",2020-09-28 18:49:05,"StartTime: Fri Sep 11 11:23:00 2020"
"comp_lendat_flt3mkt0_page6.png","Length comp data, whole catch, F3_LL3 (plot 6 of 10)","CompDat",2020-09-28 18:49:05,"StartTime: Fri Sep 11 11:23:00 2020"
"comp_lendat_flt3mkt0_page7.png","Length comp data, whole catch, F3_LL3 (plot 7 of 10)","CompDat",2020-09-28 18:49:05,"StartTime: Fri Sep 11 11:23:00 2020"
"comp_lendat_flt3mkt0_page8.png","Length comp data, whole catch, F3_LL3 (plot 8 of 10)","CompDat",2020-09-28 18:49:05,"StartTime: Fri Sep 11 11:23:00 2020"
"comp_lendat_flt3mkt0_page9.png","Length comp data, whole catch, F3_LL3 (plot 9 of 10)","CompDat",2020-09-28 18:49:05,"StartTime: Fri Sep 11 11:23:00 2020"
"comp_lendat_flt3mkt0_page10.png","Length comp data, whole catch, F3_LL3 (plot 10 of 10)","CompDat",2020-09-28 18:49:05,"StartTime: Fri Sep 11 11:23:00 2020"
"comp_lendat_bubflt3mkt0_page10.png","Length comp data, whole catch, F3_LL3 (max=0.95) (plot 10 of 10)","CompDat",2020-09-28 18:49:05,"StartTime: Fri Sep 11 11:23:00 2020"
"comp_lendat_data_weighting_TA1.8_F3_LL3.png","Mean length for F3_LL3 with 95% confidence intervals based on current samples sizes.","CompDat",2020-09-28 18:49:05,"StartTime: Fri Sep 11 11:23:00 2020"
"comp_lendat_flt4mkt0_page1.png","Length comp data, whole catch, F4_LL4 (plot 1 of 8).<br><br>'N adj.' is the input sample size after data-weighting adjustment. N eff. is the calculated effective sample size used in the McAllister-Iannelli tuning method.","CompDat",2020-09-28 18:49:05,"StartTime: Fri Sep 11 11:23:00 2020"
"comp_lendat_flt4mkt0_page2.png","Length comp data, whole catch, F4_LL4 (plot 2 of 8)","CompDat",2020-09-28 18:49:05,"StartTime: Fri Sep 11 11:23:00 2020"
"comp_lendat_flt4mkt0_page3.png","Length comp data, whole catch, F4_LL4 (plot 3 of 8)","CompDat",2020-09-28 18:49:05,"StartTime: Fri Sep 11 11:23:00 2020"
"comp_lendat_flt4mkt0_page4.png","Length comp data, whole catch, F4_LL4 (plot 4 of 8)","CompDat",2020-09-28 18:49:05,"StartTime: Fri Sep 11 11:23:00 2020"
"comp_lendat_flt4mkt0_page5.png","Length comp data, whole catch, F4_LL4 (plot 5 of 8)","CompDat",2020-09-28 18:49:05,"StartTime: Fri Sep 11 11:23:00 2020"
"comp_lendat_flt4mkt0_page6.png","Length comp data, whole catch, F4_LL4 (plot 6 of 8)","CompDat",2020-09-28 18:49:05,"StartTime: Fri Sep 11 11:23:00 2020"
"comp_lendat_flt4mkt0_page7.png","Length comp data, whole catch, F4_LL4 (plot 7 of 8)","CompDat",2020-09-28 18:49:05,"StartTime: Fri Sep 11 11:23:00 2020"
"comp_lendat_flt4mkt0_page8.png","Length comp data, whole catch, F4_LL4 (plot 8 of 8)","CompDat",2020-09-28 18:49:05,"StartTime: Fri Sep 11 11:23:00 2020"
"comp_lendat_bubflt4mkt0_page8.png","Length comp data, whole catch, F4_LL4 (max=0.95) (plot 8 of 8)","CompDat",2020-09-28 18:49:05,"StartTime: Fri Sep 11 11:23:00 2020"
"comp_lendat_data_weighting_TA1.8_F4_LL4.png","Mean length for F4_LL4 with 95% confidence intervals based on current samples sizes.","CompDat",2020-09-28 18:49:05,"StartTime: Fri Sep 11 11:23:00 2020"
"comp_lendat_flt6mkt0.png","Length comp data, whole catch, F6_DN4.<br><br>'N adj.' is the input sample size after data-weighting adjustment. N eff. is the calculated effective sample size used in the McAllister-Iannelli tuning method.","CompDat",2020-09-28 18:49:05,"StartTime: Fri Sep 11 11:23:00 2020"
"comp_lendat_bubflt6mkt0.png","Length comp data, whole catch, F6_DN4 (max=0.25)","CompDat",2020-09-28 18:49:05,"StartTime: Fri Sep 11 11:23:00 2020"
"comp_lendat_data_weighting_TA1.8_F6_DN4.png","Mean length for F6_DN4 with 95% confidence intervals based on current samples sizes.","CompDat",2020-09-28 18:49:05,"StartTime: Fri Sep 11 11:23:00 2020"
"comp_lendat_flt7mkt0_page1.png","Length comp data, whole catch, F7_PS1 (plot 1 of 7).<br><br>'N adj.' is the input sample size after data-weighting adjustment. N eff. is the calculated effective sample size used in the McAllister-Iannelli tuning method.","CompDat",2020-09-28 18:49:05,"StartTime: Fri Sep 11 11:23:00 2020"
"comp_lendat_flt7mkt0_page2.png","Length comp data, whole catch, F7_PS1 (plot 2 of 7)","CompDat",2020-09-28 18:49:05,"StartTime: Fri Sep 11 11:23:00 2020"
"comp_lendat_flt7mkt0_page3.png","Length comp data, whole catch, F7_PS1 (plot 3 of 7)","CompDat",2020-09-28 18:49:05,"StartTime: Fri Sep 11 11:23:00 2020"
"comp_lendat_flt7mkt0_page4.png","Length comp data, whole catch, F7_PS1 (plot 4 of 7)","CompDat",2020-09-28 18:49:05,"StartTime: Fri Sep 11 11:23:00 2020"
"comp_lendat_flt7mkt0_page5.png","Length comp data, whole catch, F7_PS1 (plot 5 of 7)","CompDat",2020-09-28 18:49:05,"StartTime: Fri Sep 11 11:23:00 2020"
"comp_lendat_flt7mkt0_page6.png","Length comp data, whole catch, F7_PS1 (plot 6 of 7)","CompDat",2020-09-28 18:49:05,"StartTime: Fri Sep 11 11:23:00 2020"
"comp_lendat_flt7mkt0_page7.png","Length comp data, whole catch, F7_PS1 (plot 7 of 7)","CompDat",2020-09-28 18:49:05,"StartTime: Fri Sep 11 11:23:00 2020"
"comp_lendat_bubflt7mkt0_page7.png","Length comp data, whole catch, F7_PS1 (max=0.24) (plot 7 of 7)","CompDat",2020-09-28 18:49:05,"StartTime: Fri Sep 11 11:23:00 2020"
"comp_lendat_data_weighting_TA1.8_F7_PS1.png","Mean length for F7_PS1 with 95% confidence intervals based on current samples sizes.","CompDat",2020-09-28 18:49:05,"StartTime: Fri Sep 11 11:23:00 2020"
"comp_lendat__aggregated_across_time.png","Length comp data, aggregated across time by fleet.
 <br> Labels 'retained' and 'discard' indicate discarded or retained sampled for each fleet. Panels without this designation represent the whole catch.
","CompDat",2020-09-28 18:49:05,"StartTime: Fri Sep 11 11:23:00 2020"
"comp_lendat__page1_multi-fleet_comparison.png","Length comp data,  comparing across fleets (plot 1 of 2)","CompDat",2020-09-28 18:49:05,"StartTime: Fri Sep 11 11:23:00 2020"
"comp_lendat__page2_multi-fleet_comparison.png","Length comp data,  comparing across fleets (plot 2 of 2)","CompDat",2020-09-28 18:49:05,"StartTime: Fri Sep 11 11:23:00 2020"
"comp_lenfit_flt1mkt0_page1.png","Length comps, whole catch, F1_LL1 (plot 1 of 8).<br><br>'N adj.' is the input sample size after data-weighting adjustment. N eff. is the calculated effective sample size used in the McAllister-Iannelli tuning method.","LenComp",2020-09-28 18:49:05,"StartTime: Fri Sep 11 11:23:00 2020"
"comp_lenfit_flt1mkt0_page2.png","Length comps, whole catch, F1_LL1 (plot 2 of 8)","LenComp",2020-09-28 18:49:05,"StartTime: Fri Sep 11 11:23:00 2020"
"comp_lenfit_flt1mkt0_page3.png","Length comps, whole catch, F1_LL1 (plot 3 of 8)","LenComp",2020-09-28 18:49:05,"StartTime: Fri Sep 11 11:23:00 2020"
"comp_lenfit_flt1mkt0_page4.png","Length comps, whole catch, F1_LL1 (plot 4 of 8)","LenComp",2020-09-28 18:49:05,"StartTime: Fri Sep 11 11:23:00 2020"
"comp_lenfit_flt1mkt0_page5.png","Length comps, whole catch, F1_LL1 (plot 5 of 8)","LenComp",2020-09-28 18:49:05,"StartTime: Fri Sep 11 11:23:00 2020"
"comp_lenfit_flt1mkt0_page6.png","Length comps, whole catch, F1_LL1 (plot 6 of 8)","LenComp",2020-09-28 18:49:05,"StartTime: Fri Sep 11 11:23:00 2020"
"comp_lenfit_flt1mkt0_page7.png","Length comps, whole catch, F1_LL1 (plot 7 of 8)","LenComp",2020-09-28 18:49:05,"StartTime: Fri Sep 11 11:23:00 2020"
"comp_lenfit_flt1mkt0_page8.png","Length comps, whole catch, F1_LL1 (plot 8 of 8)","LenComp",2020-09-28 18:49:05,"StartTime: Fri Sep 11 11:23:00 2020"
"comp_lenfit_residsflt1mkt0_page8.png","Pearson residuals, whole catch, F1_LL1 (max=10.57) (plot 8 of 8) <br> 
Closed bubbles are positive residuals (observed > expected) and open bubbles are negative residuals (observed < expected).","LenComp",2020-09-28 18:49:05,"StartTime: Fri Sep 11 11:23:00 2020"
"comp_lenfit_sampsize_flt1mkt0.png","N-EffN comparison, Length comps, whole catch, F1_LL1","LenComp",2020-09-28 18:49:05,"StartTime: Fri Sep 11 11:23:00 2020"
"comp_lenfit_data_weighting_TA1.8_F1_LL1.png","Mean length for F1_LL1 with 95% confidence intervals based on current samples sizes.<br>Francis data weighting method TA1.8: thinner intervals (with capped ends) show result of further adjusting sample sizes based on suggested multiplier (with 95% interval) for len data from F1_LL1:<br>0.5359 (0.228-2.6692) <br><br>For more info, see<br> <blockquote>Francis, R.I.C.C. (2011). Data weighting in statistical fisheries stock assessment models. <i>Can. J. Fish. Aquat. Sci.</i> 68: 1124-1138.  <a href=https://doi.org/10.1139/f2011-025> https://doi.org/10.1139/f2011-025</a> </blockquote>","LenComp",2020-09-28 18:49:05,"StartTime: Fri Sep 11 11:23:00 2020"
"comp_lenfit_flt2mkt0_page1.png","Length comps, whole catch, F2_LL2 (plot 1 of 5).<br><br>'N adj.' is the input sample size after data-weighting adjustment. N eff. is the calculated effective sample size used in the McAllister-Iannelli tuning method.","LenComp",2020-09-28 18:49:05,"StartTime: Fri Sep 11 11:23:00 2020"
"comp_lenfit_flt2mkt0_page2.png","Length comps, whole catch, F2_LL2 (plot 2 of 5)","LenComp",2020-09-28 18:49:05,"StartTime: Fri Sep 11 11:23:00 2020"
"comp_lenfit_flt2mkt0_page3.png","Length comps, whole catch, F2_LL2 (plot 3 of 5)","LenComp",2020-09-28 18:49:05,"StartTime: Fri Sep 11 11:23:00 2020"
"comp_lenfit_flt2mkt0_page4.png","Length comps, whole catch, F2_LL2 (plot 4 of 5)","LenComp",2020-09-28 18:49:05,"StartTime: Fri Sep 11 11:23:00 2020"
"comp_lenfit_flt2mkt0_page5.png","Length comps, whole catch, F2_LL2 (plot 5 of 5)","LenComp",2020-09-28 18:49:05,"StartTime: Fri Sep 11 11:23:00 2020"
"comp_lenfit_residsflt2mkt0_page5.png","Pearson residuals, whole catch, F2_LL2 (max=11.11) (plot 5 of 5) <br> 
Closed bubbles are positive residuals (observed > expected) and open bubbles are negative residuals (observed < expected).","LenComp",2020-09-28 18:49:05,"StartTime: Fri Sep 11 11:23:00 2020"
"comp_lenfit_sampsize_flt2mkt0.png","N-EffN comparison, Length comps, whole catch, F2_LL2","LenComp",2020-09-28 18:49:05,"StartTime: Fri Sep 11 11:23:00 2020"
"comp_lenfit_data_weighting_TA1.8_F2_LL2.png","Mean length for F2_LL2 with 95% confidence intervals based on current samples sizes.<br>Francis data weighting method TA1.8: thinner intervals (with capped ends) show result of further adjusting sample sizes based on suggested multiplier (with 95% interval) for len data from F2_LL2:<br>1.5412 (1.0972-2.6971) <br><br>For more info, see<br> <blockquote>Francis, R.I.C.C. (2011). Data weighting in statistical fisheries stock assessment models. <i>Can. J. Fish. Aquat. Sci.</i> 68: 1124-1138.  <a href=https://doi.org/10.1139/f2011-025> https://doi.org/10.1139/f2011-025</a> </blockquote>","LenComp",2020-09-28 18:49:05,"StartTime: Fri Sep 11 11:23:00 2020"
"comp_lenfit_flt3mkt0_page1.png","Length comps, whole catch, F3_LL3 (plot 1 of 10).<br><br>'N adj.' is the input sample size after data-weighting adjustment. N eff. is the calculated effective sample size used in the McAllister-Iannelli tuning method.","LenComp",2020-09-28 18:49:05,"StartTime: Fri Sep 11 11:23:00 2020"
"comp_lenfit_flt3mkt0_page2.png","Length comps, whole catch, F3_LL3 (plot 2 of 10)","LenComp",2020-09-28 18:49:05,"StartTime: Fri Sep 11 11:23:00 2020"
"comp_lenfit_flt3mkt0_page3.png","Length comps, whole catch, F3_LL3 (plot 3 of 10)","LenComp",2020-09-28 18:49:05,"StartTime: Fri Sep 11 11:23:00 2020"
"comp_lenfit_flt3mkt0_page4.png","Length comps, whole catch, F3_LL3 (plot 4 of 10)","LenComp",2020-09-28 18:49:05,"StartTime: Fri Sep 11 11:23:00 2020"
"comp_lenfit_flt3mkt0_page5.png","Length comps, whole catch, F3_LL3 (plot 5 of 10)","LenComp",2020-09-28 18:49:05,"StartTime: Fri Sep 11 11:23:00 2020"
"comp_lenfit_flt3mkt0_page6.png","Length comps, whole catch, F3_LL3 (plot 6 of 10)","LenComp",2020-09-28 18:49:05,"StartTime: Fri Sep 11 11:23:00 2020"
"comp_lenfit_flt3mkt0_page7.png","Length comps, whole catch, F3_LL3 (plot 7 of 10)","LenComp",2020-09-28 18:49:05,"StartTime: Fri Sep 11 11:23:00 2020"
"comp_lenfit_flt3mkt0_page8.png","Length comps, whole catch, F3_LL3 (plot 8 of 10)","LenComp",2020-09-28 18:49:05,"StartTime: Fri Sep 11 11:23:00 2020"
"comp_lenfit_flt3mkt0_page9.png","Length comps, whole catch, F3_LL3 (plot 9 of 10)","LenComp",2020-09-28 18:49:05,"StartTime: Fri Sep 11 11:23:00 2020"
"comp_lenfit_flt3mkt0_page10.png","Length comps, whole catch, F3_LL3 (plot 10 of 10)","LenComp",2020-09-28 18:49:05,"StartTime: Fri Sep 11 11:23:00 2020"
"comp_lenfit_residsflt3mkt0_page10.png","Pearson residuals, whole catch, F3_LL3 (max=28.68) (plot 10 of 10) <br> 
Closed bubbles are positive residuals (observed > expected) and open bubbles are negative residuals (observed < expected).","LenComp",2020-09-28 18:49:05,"StartTime: Fri Sep 11 11:23:00 2020"
"comp_lenfit_sampsize_flt3mkt0.png","N-EffN comparison, Length comps, whole catch, F3_LL3","LenComp",2020-09-28 18:49:05,"StartTime: Fri Sep 11 11:23:00 2020"
"comp_lenfit_data_weighting_TA1.8_F3_LL3.png","Mean length for F3_LL3 with 95% confidence intervals based on current samples sizes.<br>Francis data weighting method TA1.8: thinner intervals (with capped ends) show result of further adjusting sample sizes based on suggested multiplier (with 95% interval) for len data from F3_LL3:<br>2.5284 (1.7816-4.0533) <br><br>For more info, see<br> <blockquote>Francis, R.I.C.C. (2011). Data weighting in statistical fisheries stock assessment models. <i>Can. J. Fish. Aquat. Sci.</i> 68: 1124-1138.  <a href=https://doi.org/10.1139/f2011-025> https://doi.org/10.1139/f2011-025</a> </blockquote>","LenComp",2020-09-28 18:49:05,"StartTime: Fri Sep 11 11:23:00 2020"
"comp_lenfit_flt4mkt0_page1.png","Length comps, whole catch, F4_LL4 (plot 1 of 8).<br><br>'N adj.' is the input sample size after data-weighting adjustment. N eff. is the calculated effective sample size used in the McAllister-Iannelli tuning method.","LenComp",2020-09-28 18:49:05,"StartTime: Fri Sep 11 11:23:00 2020"
"comp_lenfit_flt4mkt0_page2.png","Length comps, whole catch, F4_LL4 (plot 2 of 8)","LenComp",2020-09-28 18:49:05,"StartTime: Fri Sep 11 11:23:00 2020"
"comp_lenfit_flt4mkt0_page3.png","Length comps, whole catch, F4_LL4 (plot 3 of 8)","LenComp",2020-09-28 18:49:05,"StartTime: Fri Sep 11 11:23:00 2020"
"comp_lenfit_flt4mkt0_page4.png","Length comps, whole catch, F4_LL4 (plot 4 of 8)","LenComp",2020-09-28 18:49:05,"StartTime: Fri Sep 11 11:23:00 2020"
"comp_lenfit_flt4mkt0_page5.png","Length comps, whole catch, F4_LL4 (plot 5 of 8)","LenComp",2020-09-28 18:49:05,"StartTime: Fri Sep 11 11:23:00 2020"
"comp_lenfit_flt4mkt0_page6.png","Length comps, whole catch, F4_LL4 (plot 6 of 8)","LenComp",2020-09-28 18:49:05,"StartTime: Fri Sep 11 11:23:00 2020"
"comp_lenfit_flt4mkt0_page7.png","Length comps, whole catch, F4_LL4 (plot 7 of 8)","LenComp",2020-09-28 18:49:05,"StartTime: Fri Sep 11 11:23:00 2020"
"comp_lenfit_flt4mkt0_page8.png","Length comps, whole catch, F4_LL4 (plot 8 of 8)","LenComp",2020-09-28 18:49:05,"StartTime: Fri Sep 11 11:23:00 2020"
"comp_lenfit_residsflt4mkt0_page8.png","Pearson residuals, whole catch, F4_LL4 (max=15.72) (plot 8 of 8) <br> 
Closed bubbles are positive residuals (observed > expected) and open bubbles are negative residuals (observed < expected).","LenComp",2020-09-28 18:49:05,"StartTime: Fri Sep 11 11:23:00 2020"
"comp_lenfit_sampsize_flt4mkt0.png","N-EffN comparison, Length comps, whole catch, F4_LL4","LenComp",2020-09-28 18:49:05,"StartTime: Fri Sep 11 11:23:00 2020"
"comp_lenfit_data_weighting_TA1.8_F4_LL4.png","Mean length for F4_LL4 with 95% confidence intervals based on current samples sizes.<br>Francis data weighting method TA1.8: thinner intervals (with capped ends) show result of further adjusting sample sizes based on suggested multiplier (with 95% interval) for len data from F4_LL4:<br>0.9818 (0.5851-2.0543) <br><br>For more info, see<br> <blockquote>Francis, R.I.C.C. (2011). Data weighting in statistical fisheries stock assessment models. <i>Can. J. Fish. Aquat. Sci.</i> 68: 1124-1138.  <a href=https://doi.org/10.1139/f2011-025> https://doi.org/10.1139/f2011-025</a> </blockquote>","LenComp",2020-09-28 18:49:05,"StartTime: Fri Sep 11 11:23:00 2020"
"comp_lenfit_flt6mkt0.png","Length comps, whole catch, F6_DN4.<br><br>'N adj.' is the input sample size after data-weighting adjustment. N eff. is the calculated effective sample size used in the McAllister-Iannelli tuning method.","LenComp",2020-09-28 18:49:05,"StartTime: Fri Sep 11 11:23:00 2020"
"comp_lenfit_residsflt6mkt0.png","Pearson residuals, whole catch, F6_DN4 (max=2.55) <br> 
Closed bubbles are positive residuals (observed > expected) and open bubbles are negative residuals (observed < expected).","LenComp",2020-09-28 18:49:05,"StartTime: Fri Sep 11 11:23:00 2020"
"comp_lenfit_sampsize_flt6mkt0.png","N-EffN comparison, Length comps, whole catch, F6_DN4","LenComp",2020-09-28 18:49:05,"StartTime: Fri Sep 11 11:23:00 2020"
"comp_lenfit_data_weighting_TA1.8_F6_DN4.png","Mean length for F6_DN4 with 95% confidence intervals based on current samples sizes.<br>Francis data weighting method TA1.8: thinner intervals (with capped ends) show result of further adjusting sample sizes based on suggested multiplier (with 95% interval) for len data from F6_DN4:<br>90.0672 (54.7574-394.7154) <br><br>For more info, see<br> <blockquote>Francis, R.I.C.C. (2011). Data weighting in statistical fisheries stock assessment models. <i>Can. J. Fish. Aquat. Sci.</i> 68: 1124-1138.  <a href=https://doi.org/10.1139/f2011-025> https://doi.org/10.1139/f2011-025</a> </blockquote>","LenComp",2020-09-28 18:49:05,"StartTime: Fri Sep 11 11:23:00 2020"
"comp_lenfit_flt7mkt0_page1.png","Length comps, whole catch, F7_PS1 (plot 1 of 7).<br><br>'N adj.' is the input sample size after data-weighting adjustment. N eff. is the calculated effective sample size used in the McAllister-Iannelli tuning method.","LenComp",2020-09-28 18:49:05,"StartTime: Fri Sep 11 11:23:00 2020"
"comp_lenfit_flt7mkt0_page2.png","Length comps, whole catch, F7_PS1 (plot 2 of 7)","LenComp",2020-09-28 18:49:05,"StartTime: Fri Sep 11 11:23:00 2020"
"comp_lenfit_flt7mkt0_page3.png","Length comps, whole catch, F7_PS1 (plot 3 of 7)","LenComp",2020-09-28 18:49:05,"StartTime: Fri Sep 11 11:23:00 2020"
"comp_lenfit_flt7mkt0_page4.png","Length comps, whole catch, F7_PS1 (plot 4 of 7)","LenComp",2020-09-28 18:49:05,"StartTime: Fri Sep 11 11:23:00 2020"
"comp_lenfit_flt7mkt0_page5.png","Length comps, whole catch, F7_PS1 (plot 5 of 7)","LenComp",2020-09-28 18:49:05,"StartTime: Fri Sep 11 11:23:00 2020"
"comp_lenfit_flt7mkt0_page6.png","Length comps, whole catch, F7_PS1 (plot 6 of 7)","LenComp",2020-09-28 18:49:05,"StartTime: Fri Sep 11 11:23:00 2020"
"comp_lenfit_flt7mkt0_page7.png","Length comps, whole catch, F7_PS1 (plot 7 of 7)","LenComp",2020-09-28 18:49:05,"StartTime: Fri Sep 11 11:23:00 2020"
"comp_lenfit_residsflt7mkt0_page7.png","Pearson residuals, whole catch, F7_PS1 (max=3.84) (plot 7 of 7) <br> 
Closed bubbles are positive residuals (observed > expected) and open bubbles are negative residuals (observed < expected).","LenComp",2020-09-28 18:49:05,"StartTime: Fri Sep 11 11:23:00 2020"
"comp_lenfit_sampsize_flt7mkt0.png","N-EffN comparison, Length comps, whole catch, F7_PS1","LenComp",2020-09-28 18:49:05,"StartTime: Fri Sep 11 11:23:00 2020"
"comp_lenfit_data_weighting_TA1.8_F7_PS1.png","Mean length for F7_PS1 with 95% confidence intervals based on current samples sizes.<br>Francis data weighting method TA1.8: thinner intervals (with capped ends) show result of further adjusting sample sizes based on suggested multiplier (with 95% interval) for len data from F7_PS1:<br>3.5288 (2.465-6.4355) <br><br>For more info, see<br> <blockquote>Francis, R.I.C.C. (2011). Data weighting in statistical fisheries stock assessment models. <i>Can. J. Fish. Aquat. Sci.</i> 68: 1124-1138.  <a href=https://doi.org/10.1139/f2011-025> https://doi.org/10.1139/f2011-025</a> </blockquote>","LenComp",2020-09-28 18:49:05,"StartTime: Fri Sep 11 11:23:00 2020"
"comp_lenfit__aggregated_across_time.png","Length comps, aggregated across time by fleet.
 <br> Labels 'retained' and 'discard' indicate discarded or retained sampled for each fleet. Panels without this designation represent the whole catch.
","LenComp",2020-09-28 18:49:05,"StartTime: Fri Sep 11 11:23:00 2020"
"comp_lenfit__page1_multi-fleet_comparison.png","Pearson residuals,  comparing across fleets (plot 1 of 2) <br> 
Closed bubbles are positive residuals (observed > expected) and open bubbles are negative residuals (observed < expected).","LenComp",2020-09-28 18:49:05,"StartTime: Fri Sep 11 11:23:00 2020"
"comp_lenfit__page2_multi-fleet_comparison.png","Pearson residuals,  comparing across fleets (plot 2 of 2)","LenComp",2020-09-28 18:49:05,"StartTime: Fri Sep 11 11:23:00 2020"
"comp_LAAdat_flt3mkt0.png","Mean length at age data, whole catch, F3_LL3.<br><br>'N adj.' is the input sample size after data-weighting adjustment. N eff. is the calculated effective sample size used in the McAllister-Iannelli tuning method.","Mean@A",2020-09-28 18:49:05,"StartTime: Fri Sep 11 11:23:00 2020"
"comp_LAAdat_bubflt3mkt0.png","Mean length at age data, whole catch, F3_LL3 (max=109.8)","Mean@A",2020-09-28 18:49:05,"StartTime: Fri Sep 11 11:23:00 2020"
"comp_LAAfit_flt3mkt0.png","Mean length at age fit, whole catch, F3_LL3.<br><br>'N adj.' is the input sample size after data-weighting adjustment. N eff. is the calculated effective sample size used in the McAllister-Iannelli tuning method.","Mean@A",2020-09-28 18:49:05,"StartTime: Fri Sep 11 11:23:00 2020"
"comp_LAAfit_residsflt3mkt0.png","Pearson residuals, whole catch, F3_LL3 (max=12.25) <br> 
Closed bubbles are positive residuals (observed > expected) and open bubbles are negative residuals (observed < expected).","Mean@A",2020-09-28 18:49:05,"StartTime: Fri Sep 11 11:23:00 2020"
"yield1_yield_curve.png","Yield curve","Yield",2020-09-28 18:49:05,"StartTime: Fri Sep 11 11:23:00 2020"
"yield2_yield_curve_with_refpoints.png","Yield curve with reference points","Yield",2020-09-28 18:49:05,"StartTime: Fri Sep 11 11:23:00 2020"
"yield3_surplus_production.png","Surplus production vs. biomass plot. For interpretation, see<br> <blockquote>Walters, Hilborn, and  Christensen, 2008, Surplus production dynamics in declining and recovering fish populations. <i>Can. J. Fish. Aquat. Sci.</i> 65: 2536-2551.</blockquote>","Yield",2020-09-28 18:49:05,"StartTime: Fri Sep 11 11:23:00 2020"
"data_plot.png","Data presence by year for each fleet and data type.","Data",2020-09-28 18:49:05,"StartTime: Fri Sep 11 11:23:00 2020"
"data_plot2.png","Data presence by year for each fleet, where circle area is <br>  relative within a data type. Circles are proportional to <br>  total catch for catches; to precision for indices, discards, and <br>  mean body weight observations; and to total sample size for <br> compositions and mean weight- or length-at-age observations. <br> 'Ghost' observations (not included in the likelihood) have <br> equal size for all years. <br> Note that since the circles are are scaled relative <br>  to maximum within each type, the scaling within separate plots <br>  should not be compared. <br>This is a seasonal model, so scaling is based on either <br>  the sum of samples within each year (for things like comps) <br>  or the average among observations within a year (for  <br>  things like index uncertainty).","Data",2020-09-28 18:49:05,"StartTime: Fri Sep 11 11:23:00 2020"
"parameter_distributions_page1.png","Parameter distribution plots (plot 1 of 4). <br>Deviation parameters are not included. <br>Plotting range is equal to input limits on parameters. Use fitrange = TRUE to scale the range to the estimates.","Pars",2020-09-28 18:49:05,"StartTime: Fri Sep 11 11:23:00 2020"
"parameter_distributions_page2.png","Parameter distribution plots (plot 2 of 4).","Pars",2020-09-28 18:49:05,"StartTime: Fri Sep 11 11:23:00 2020"
"parameter_distributions_page3.png","Parameter distribution plots (plot 3 of 4).","Pars",2020-09-28 18:49:05,"StartTime: Fri Sep 11 11:23:00 2020"
"parameter_distributions_page5.png","Parameter distribution plots (plot 5 of 4).","Pars",2020-09-28 18:49:05,"StartTime: Fri Sep 11 11:23:00 2020"
"parameterchecks.html","Table of estimated parameters (excluding deviation parameters) sorted by parameters with the largest gradients; any parameter with a gradient value with an absolute value above 0.001 (for SS 3.30 models) or a parameter on bounds is colored in red.","DiagnosticTables",2020-09-28 18:49:05,"StartTime: Fri Sep 11 11:23:00 2020"
